{"cameraMode":{"drawMode":0,"name":"Shaded","section":"Shading Mode"},"sceneLighting":true,"audioPlay":false,"sceneViewState":{"m_AlwaysRefresh":false,"showFog":true,"showSkybox":true,"showFlares":true,"showImageEffects":true,"showParticleSystems":true,"showVisualEffectGraphs":true,"m_FxEnabled":true},"in2DMode":false,"pivot":{"x":14.260000228881836,"y":1.2268744707107545,"z":-23.549999237060548},"rotation":{"x":0.09703774005174637,"y":-0.020280279219150544,"z":0.0019695679657161237,"w":0.9950836896896362},"size":4.771657943725586,"orthographic":false}