{"cameraMode":{"drawMode":0,"name":"Shaded","section":"Shading Mode"},"sceneLighting":true,"audioPlay":false,"sceneViewState":{"m_AlwaysRefresh":false,"showFog":true,"showSkybox":true,"showFlares":true,"showImageEffects":true,"showParticleSystems":true,"showVisualEffectGraphs":true,"m_FxEnabled":true},"in2DMode":false,"pivot":{"x":-8.202591896057129,"y":0.0958399772644043,"z":0.010898113250732422},"rotation":{"x":-0.40988484025001528,"y":0.1203758716583252,"z":-0.05467180907726288,"w":-0.9025084972381592},"size":4.132043838500977,"orthographic":false}