{"cameraMode":{"drawMode":0,"name":"Shaded","section":"Shading Mode"},"sceneLighting":true,"audioPlay":false,"sceneViewState":{"m_AlwaysRefresh":false,"showFog":true,"showSkybox":true,"showFlares":true,"showImageEffects":true,"showParticleSystems":true,"showVisualEffectGraphs":true,"m_FxEnabled":true},"in2DMode":false,"pivot":{"x":0.07787716388702393,"y":-2.3938918113708498,"z":-15.952102661132813},"rotation":{"x":0.4406150281429291,"y":0.00998752936720848,"z":-0.004902523010969162,"w":0.8976373076438904},"size":22.211658477783204,"orthographic":false}