{"cameraMode":{"drawMode":0,"name":"Shaded","section":"Shading Mode"},"sceneLighting":false,"audioPlay":false,"sceneViewState":{"m_AlwaysRefresh":false,"showFog":true,"showSkybox":false,"showFlares":true,"showImageEffects":true,"showParticleSystems":true,"showVisualEffectGraphs":true,"m_FxEnabled":true},"in2DMode":false,"pivot":{"x":-4.29985237121582,"y":0.45054900646209719,"z":0.028226211667060853},"rotation":{"x":-0.2920580208301544,"y":-0.45837512612342837,"z":0.1625615358352661,"w":-0.8235141634941101},"size":0.7908665537834168,"orthographic":false}