{"cameraMode":{"drawMode":0,"name":"Shaded","section":"Shading Mode"},"sceneLighting":false,"audioPlay":false,"sceneViewState":{"m_AlwaysRefresh":false,"showFog":true,"showSkybox":false,"showFlares":true,"showImageEffects":true,"showParticleSystems":true,"showVisualEffectGraphs":true,"m_FxEnabled":true},"in2DMode":false,"pivot":{"x":0.015374720096588135,"y":0.45054900646209719,"z":0.028226211667060853},"rotation":{"x":-0.46646788716316225,"y":0.05486262962222099,"z":-0.02900381200015545,"w":-0.8823628425598145},"size":0.7908665537834168,"orthographic":false}